,Voltage,Current
0,1.0,0.010440068426969587
1,1.002002002002002,0.011119319080561066
2,1.004004004004004,0.011386896345581468
3,1.006006006006006,0.009052150498747524
4,1.008008008008008,0.010712710207477744
5,1.01001001001001,0.009436493554432044
6,1.012012012012012,0.01104177153989463
7,1.014014014014014,0.009231273608411568
8,1.016016016016016,0.009404626347900203
9,1.018018018018018,0.010534552551060403
10,1.02002002002002,0.011610907781712346
11,1.022022022022022,0.010672219806056286
12,1.024024024024024,0.010525585837537758
13,1.026026026026026,0.011169570589769655
14,1.028028028028028,0.01057757896384793
15,1.03003003003003,0.010256719477054511
16,1.032032032032032,0.010260668996477297
17,1.034034034034034,0.012460035689696272
18,1.0360360360360361,0.012125554502700413
19,1.038038038038038,0.012351412524265611
20,1.04004004004004,0.009635866125467641
21,1.042042042042042,0.011532669997937813
22,1.044044044044044,0.01154729712745948
23,1.0460460460460461,0.01173128999422157
24,1.048048048048048,0.011784979927641217
25,1.05005005005005,0.0112836438386153
26,1.052052052052052,0.011229053904516256
27,1.054054054054054,0.01158330563225298
28,1.0560560560560561,0.010596221818498917
29,1.058058058058058,0.009945244155897244
30,1.06006006006006,0.010066736119712934
31,1.062062062062062,0.010840817985515222
32,1.064064064064064,0.009367569989561184
33,1.0660660660660661,0.010234630997828719
34,1.068068068068068,0.01097198002905758
35,1.07007007007007,0.010793854342337617
36,1.072072072072072,0.01259004467746315
37,1.074074074074074,0.013257089563798197
38,1.0760760760760761,0.010853792547639326
39,1.078078078078078,0.011536807580630956
40,1.08008008008008,0.011764651872876826
41,1.082082082082082,0.014284130291621509
42,1.084084084084084,0.010582397924604081
43,1.0860860860860861,0.010568252127366359
44,1.088088088088088,0.011405129464661634
45,1.09009009009009,0.009627512642542649
46,1.092092092092092,0.012272339661654646
47,1.0940940940940942,0.010551662808729698
48,1.0960960960960962,0.011738594917201417
49,1.098098098098098,0.010888749879807027
50,1.1001001001001,0.010608000712534293
51,1.102102102102102,0.010748612963898703
52,1.1041041041041042,0.012684115567551444
53,1.1061061061061062,0.011438255094595945
54,1.1081081081081081,0.010608278958269539
55,1.11011011011011,0.012240621530056577
56,1.112112112112112,0.012428258266494565
57,1.1141141141141142,0.011050196949430961
58,1.1161161161161162,0.012440620834772598
59,1.1181181181181181,0.011671032134228517
60,1.12012012012012,0.01320220997172613
61,1.122122122122122,0.011897839196243492
62,1.1241241241241242,0.01263230035241649
63,1.1261261261261262,0.011372051588480174
64,1.1281281281281281,0.011060768348110242
65,1.13013013013013,0.011251840159940326
66,1.132132132132132,0.012926928846053842
67,1.1341341341341342,0.013318794240350344
68,1.1361361361361362,0.010485340696483395
69,1.1381381381381381,0.011595696687214626
70,1.14014014014014,0.011598634400957352
71,1.142142142142142,0.012488455273089456
72,1.1441441441441442,0.013033506474438612
73,1.1461461461461462,0.011748485397587839
74,1.1481481481481481,0.012084819187592674
75,1.15015015015015,0.01198633706087709
76,1.1521521521521523,0.011400259740924961
77,1.1541541541541542,0.01059001585014946
78,1.1561561561561562,0.012220112928461256
79,1.1581581581581581,0.01206285915911545
80,1.16016016016016,0.011510173126812942
81,1.1621621621621623,0.012510589386567794
82,1.1641641641641642,0.01206014714562089
83,1.1661661661661662,0.012893554942882746
84,1.1681681681681682,0.012641096440641299
85,1.17017017017017,0.012018184248860392
86,1.1721721721721723,0.011307653622756368
87,1.1741741741741742,0.012337940794877496
88,1.1761761761761762,0.013250711955988722
89,1.1781781781781782,0.011795266317320759
90,1.1801801801801801,0.01425140269640855
91,1.1821821821821823,0.012825655501359995
92,1.1841841841841843,0.01241879709878488
93,1.1861861861861862,0.013065701988808126
94,1.1881881881881882,0.011316634378709632
95,1.1901901901901901,0.01318169546157387
96,1.1921921921921923,0.012344116003965953
97,1.1941941941941943,0.011760627956250004
98,1.1961961961961962,0.012856797803055466
99,1.1981981981981982,0.01324108093634079
100,1.2002002002002001,0.011806420203953139
101,1.2022022022022023,0.011325244546839433
102,1.2042042042042043,0.01309666942328519
103,1.2062062062062062,0.011933125265265876
104,1.2082082082082082,0.012593803503085617
105,1.2102102102102101,0.01119945791559625
106,1.2122122122122123,0.011944805602684197
107,1.2142142142142143,0.012109887836143841
108,1.2162162162162162,0.012529917798892327
109,1.2182182182182182,0.012841556342166249
110,1.2202202202202201,0.009491454998483124
111,1.2222222222222223,0.012502610237919898
112,1.2242242242242243,0.013814532333584173
113,1.2262262262262262,0.012678171406856726
114,1.2282282282282282,0.012474752914283066
115,1.2302302302302301,0.011798845645125046
116,1.2322322322322323,0.011700622937971299
117,1.2342342342342343,0.013580653214631956
118,1.2362362362362362,0.016147130296883718
119,1.2382382382382382,0.01387713834473219
120,1.2402402402402402,0.013013009702897094
121,1.2422422422422423,0.012009123486628914
122,1.2442442442442443,0.012349200885715514
123,1.2462462462462462,0.014927173197953164
124,1.2482482482482482,0.014238322322133302
125,1.2502502502502502,0.012521328637847967
126,1.2522522522522523,0.012682234476585797
127,1.2542542542542543,0.012557120039636112
128,1.2562562562562563,0.012300665809205058
129,1.2582582582582582,0.013736450271881355
130,1.2602602602602602,0.012750779015151264
131,1.2622622622622623,0.013091882907732244
132,1.2642642642642643,0.013299549846107055
133,1.2662662662662663,0.012367491485107062
134,1.2682682682682682,0.012509016030264499
135,1.2702702702702702,0.010957078009879481
136,1.2722722722722724,0.011947358280690394
137,1.2742742742742743,0.012980750740909855
138,1.2762762762762763,0.014307672316789486
139,1.2782782782782782,0.01312461653195788
140,1.2802802802802802,0.014144817632429947
141,1.2822822822822824,0.013591903281731219
142,1.2842842842842843,0.014449838669448366
143,1.2862862862862863,0.012613067984510194
144,1.2882882882882882,0.015594474710826334
145,1.2902902902902902,0.013493706444344243
146,1.2922922922922924,0.014479939450934023
147,1.2942942942942943,0.013635686424645589
148,1.2962962962962963,0.013893897848740936
149,1.2982982982982982,0.014484372702377749
150,1.3003003003003002,0.013193705599726283
151,1.3023023023023024,0.014678541016079523
152,1.3043043043043043,0.013707070697217003
153,1.3063063063063063,0.012827620984894428
154,1.3083083083083082,0.015892848695687262
155,1.3103103103103102,0.012621261808233671
156,1.3123123123123124,0.014059691560116308
157,1.3143143143143143,0.012874477076210367
158,1.3163163163163163,0.014577417000135628
159,1.3183183183183182,0.012431153005485827
160,1.3203203203203202,0.013532722011538647
161,1.3223223223223224,0.01435016662737601
162,1.3243243243243243,0.011695197205822022
163,1.3263263263263263,0.01422303219265172
164,1.3283283283283283,0.0143121483339967
165,1.3303303303303302,0.014439587516211832
166,1.3323323323323324,0.015113692665361153
167,1.3343343343343343,0.012291517230035265
168,1.3363363363363363,0.014594504912058848
169,1.3383383383383383,0.013006450720470087
170,1.3403403403403402,0.014148630485349803
171,1.3423423423423424,0.013831269491918532
172,1.3443443443443444,0.013501197727607397
173,1.3463463463463463,0.013266422601984684
174,1.3483483483483483,0.015019317056307858
175,1.3503503503503502,0.013742350838239705
176,1.3523523523523524,0.013026075158827833
177,1.3543543543543544,0.01394809247794252
178,1.3563563563563563,0.015095609658852711
179,1.3583583583583583,0.01461932912062003
180,1.3603603603603602,0.013425141915784549
181,1.3623623623623624,0.016066499768889627
182,1.3643643643643644,0.014357954964248116
183,1.3663663663663663,0.014388779182794728
184,1.3683683683683685,0.01512607687372948
185,1.3703703703703702,0.011433004589260469
186,1.3723723723723724,0.014622180146101192
187,1.3743743743743744,0.013717567749631655
188,1.3763763763763763,0.013068887309635726
189,1.3783783783783785,0.01365272704798069
190,1.3803803803803802,0.014533494794828357
191,1.3823823823823824,0.013868005738616252
192,1.3843843843843844,0.014356659991577717
193,1.3863863863863863,0.015331357029021352
194,1.3883883883883885,0.014541725560855768
195,1.3903903903903903,0.014776553273856857
196,1.3923923923923924,0.014602692392959677
197,1.3943943943943944,0.014277943190593159
198,1.3963963963963963,0.012463794656498656
199,1.3983983983983985,0.01367627237518944
200,1.4004004004004003,0.012632019894045797
201,1.4024024024024024,0.012227264369803597
202,1.4044044044044044,0.013997142422347212
203,1.4064064064064064,0.01576584266743339
204,1.4084084084084085,0.014609427437929244
205,1.4104104104104105,0.014898679484607128
206,1.4124124124124124,0.013676620682138341
207,1.4144144144144144,0.015145571512972798
208,1.4164164164164164,0.015090391347242155
209,1.4184184184184185,0.014915180471767214
210,1.4204204204204205,0.013636120612891642
211,1.4224224224224224,0.015248460438212513
212,1.4244244244244244,0.016993418668128642
213,1.4264264264264264,0.014794948531246502
214,1.4284284284284285,0.0143270557381885
215,1.4304304304304305,0.014871721473896203
216,1.4324324324324325,0.013590281035059057
217,1.4344344344344344,0.01558448794377548
218,1.4364364364364364,0.014659949103466732
219,1.4384384384384385,0.014093057223951773
220,1.4404404404404405,0.015344076476146025
221,1.4424424424424425,0.013894832875402429
222,1.4444444444444444,0.014469689945350117
223,1.4464464464464464,0.013369142263574023
224,1.4484484484484486,0.014357943427037313
225,1.4504504504504505,0.015407476994537121
226,1.4524524524524525,0.01607739825442926
227,1.4544544544544544,0.015432405940895658
228,1.4564564564564564,0.014580765693715072
229,1.4584584584584586,0.01510697644934716
230,1.4604604604604605,0.015789627211948168
231,1.4624624624624625,0.015028944042954831
232,1.4644644644644644,0.015875721339404392
233,1.4664664664664664,0.013751841918561436
234,1.4684684684684686,0.01702037130077354
235,1.4704704704704705,0.015539773019426441
236,1.4724724724724725,0.015162114890877773
237,1.4744744744744744,0.015888302694005246
238,1.4764764764764764,0.014055586292027298
239,1.4784784784784786,0.014682979745567712
240,1.4804804804804805,0.016198361049060788
241,1.4824824824824825,0.014971197917434695
242,1.4844844844844844,0.016093487526202398
243,1.4864864864864864,0.015862374356502715
244,1.4884884884884886,0.013958184835410815
245,1.4904904904904905,0.015339411968765407
246,1.4924924924924925,0.014076180190415974
247,1.4944944944944945,0.01615087479325045
248,1.4964964964964964,0.01861342778664542
249,1.4984984984984986,0.016067294313240495
250,1.5005005005005005,0.016379102495387782
251,1.5025025025025025,0.016304319284761892
252,1.5045045045045045,0.016721344795687668
253,1.5065065065065064,0.014916652879853593
254,1.5085085085085086,0.01486774078937623
255,1.5105105105105106,0.01619674591052828
256,1.5125125125125125,0.014777648892634795
257,1.5145145145145145,0.015715427678477643
258,1.5165165165165164,0.016476560742204077
259,1.5185185185185186,0.016083094514096473
260,1.5205205205205206,0.016408713214793407
261,1.5225225225225225,0.016373725298903467
262,1.5245245245245245,0.016027089023301303
263,1.5265265265265264,0.016092514334424084
264,1.5285285285285286,0.017274835856779587
265,1.5305305305305306,0.015450736171198602
266,1.5325325325325325,0.017016882770522334
267,1.5345345345345345,0.01538417577381203
268,1.5365365365365364,0.016961066689895814
269,1.5385385385385386,0.016134057134844938
270,1.5405405405405406,0.015071693876748149
271,1.5425425425425425,0.014638852859830893
272,1.5445445445445445,0.015669615505453833
273,1.5465465465465464,0.016550293021467582
274,1.5485485485485486,0.017490831828895752
275,1.5505505505505506,0.015017601436451035
276,1.5525525525525525,0.015657124151739858
277,1.5545545545545547,0.015942755782169363
278,1.5565565565565564,0.015330682346067999
279,1.5585585585585586,0.016651901156177023
280,1.5605605605605606,0.01487832082035357
281,1.5625625625625625,0.014333106280330167
282,1.5645645645645647,0.01442585720634925
283,1.5665665665665665,0.017522466382543515
284,1.5685685685685686,0.01709367455329009
285,1.5705705705705706,0.017948278720839428
286,1.5725725725725725,0.01638596883147471
287,1.5745745745745747,0.01678908949619733
288,1.5765765765765765,0.0158597282912748
289,1.5785785785785786,0.01647461353070789
290,1.5805805805805806,0.01742177544641026
291,1.5825825825825826,0.015513562182085687
292,1.5845845845845847,0.01589747553632252
293,1.5865865865865865,0.015326233105371638
294,1.5885885885885886,0.016217772761453936
295,1.5905905905905906,0.014938189404254898
296,1.5925925925925926,0.01597050589440718
297,1.5945945945945947,0.01820991777713304
298,1.5965965965965965,0.01746035352328725
299,1.5985985985985987,0.01596644002037418
300,1.6006006006006006,0.016009415430576733
301,1.6026026026026026,0.015461221123646235
302,1.6046046046046047,0.016416019738293722
303,1.6066066066066065,0.016636506907798904
304,1.6086086086086087,0.016497796517115363
305,1.6106106106106106,0.015736445045733873
306,1.6126126126126126,0.01630456732902813
307,1.6146146146146148,0.0168242498059484
308,1.6166166166166165,0.0182697025194535
309,1.6186186186186187,0.016261660420213684
310,1.6206206206206206,0.016497361780440745
311,1.6226226226226226,0.016333292699334066
312,1.6246246246246248,0.01766673598102698
313,1.6266266266266265,0.017779163863600535
314,1.6286286286286287,0.018271838236589854
315,1.6306306306306306,0.018318316191122553
316,1.6326326326326326,0.016739488530541358
317,1.6346346346346348,0.015206162985036263
318,1.6366366366366365,0.01612013992885529
319,1.6386386386386387,0.01820252538392113
320,1.6406406406406406,0.01735739846582439
321,1.6426426426426426,0.019051508395448485
322,1.6446446446446448,0.016707360934774176
323,1.6466466466466465,0.016056820958000217
324,1.6486486486486487,0.015302708508965928
325,1.6506506506506506,0.01725824661466405
326,1.6526526526526526,0.01837363706114862
327,1.6546546546546548,0.01607028445805343
328,1.6566566566566565,0.018238328098548823
329,1.6586586586586587,0.019840247538278184
330,1.6606606606606606,0.01824323060652764
331,1.6626626626626626,0.01675471126524544
332,1.6646646646646648,0.01677848429391081
333,1.6666666666666665,0.01822236855267022
334,1.6686686686686687,0.016603914915198303
335,1.6706706706706707,0.018579234248253532
336,1.6726726726726726,0.01731714032013572
337,1.6746746746746748,0.015615326084866836
338,1.6766766766766765,0.016839711435543078
339,1.6786786786786787,0.01837923875517865
340,1.6806806806806807,0.018844892340764117
341,1.6826826826826826,0.016458543809498734
342,1.6846846846846848,0.01768573930242279
343,1.6866866866866865,0.01790148639263768
344,1.6886886886886887,0.018314985395312396
345,1.6906906906906907,0.017854232635223247
346,1.6926926926926926,0.017695709214425575
347,1.6946946946946948,0.01809331661316171
348,1.6966966966966965,0.01914180821687858
349,1.6986986986986987,0.018223273424941778
350,1.7007007007007007,0.01877927957342587
351,1.7027027027027026,0.018832566600410435
352,1.7047047047047048,0.017672491264671512
353,1.7067067067067065,0.01904183470384001
354,1.7087087087087087,0.016869969324432726
355,1.7107107107107107,0.016622935461661215
356,1.7127127127127126,0.01793586784442321
357,1.7147147147147148,0.019715211209872168
358,1.7167167167167166,0.01883796735141197
359,1.7187187187187187,0.018416766983917882
360,1.7207207207207207,0.017774326155127886
361,1.7227227227227226,0.01594184117771579
362,1.7247247247247248,0.01832504788134414
363,1.7267267267267266,0.01961433298385783
364,1.7287287287287287,0.019154825805784977
365,1.7307307307307307,0.020128441006716482
366,1.7327327327327327,0.018094699212263025
367,1.7347347347347348,0.018370482204341707
368,1.7367367367367368,0.01819952356267197
369,1.7387387387387387,0.01811014833233302
370,1.7407407407407407,0.017494828910738197
371,1.7427427427427427,0.019094924851849344
372,1.7447447447447448,0.017994874010885
373,1.7467467467467468,0.017001440868578282
374,1.7487487487487487,0.01880218680268284
375,1.7507507507507507,0.016473765767929777
376,1.7527527527527527,0.019564302207957945
377,1.7547547547547548,0.015459029597543838
378,1.7567567567567568,0.018548965110649903
379,1.7587587587587588,0.018159236236115702
380,1.7607607607607607,0.017628848499117732
381,1.7627627627627627,0.020622933249747035
382,1.7647647647647648,0.017854788992136404
383,1.7667667667667668,0.020105661285184373
384,1.7687687687687688,0.017541309466021397
385,1.7707707707707707,0.017913492185302915
386,1.7727727727727727,0.015983200173885295
387,1.7747747747747749,0.01886835900244711
388,1.7767767767767768,0.017773362915347153
389,1.7787787787787788,0.01701104735490847
390,1.7807807807807807,0.019270461243318535
391,1.7827827827827827,0.019227550769919652
392,1.7847847847847849,0.019450795236934004
393,1.7867867867867868,0.017710826001470812
394,1.7887887887887888,0.017032906459056703
395,1.7907907907907907,0.017650155173067037
396,1.7927927927927927,0.017851339600286387
397,1.7947947947947949,0.018526653808235746
398,1.7967967967967968,0.019290667625191434
399,1.7987987987987988,0.017923971616420047
400,1.8008008008008007,0.019540516944440055
401,1.8028028028028027,0.01890264465803685
402,1.8048048048048049,0.01970605600779209
403,1.8068068068068068,0.018463203618045872
404,1.8088088088088088,0.017884091877924852
405,1.810810810810811,0.017036757275361542
406,1.8128128128128127,0.02003050123998195
407,1.8148148148148149,0.02052054675935903
408,1.8168168168168168,0.017147335133821943
409,1.8188188188188188,0.020596284800542514
410,1.820820820820821,0.020080553780089546
411,1.8228228228228227,0.01877334925451261
412,1.8248248248248249,0.017289648841821898
413,1.8268268268268268,0.019730433969260826
414,1.8288288288288288,0.01844916422507137
415,1.830830830830831,0.017167779985232643
416,1.8328328328328327,0.01835003613858429
417,1.834834834834835,0.019421914680237073
418,1.8368368368368369,0.02185971329632873
419,1.8388388388388388,0.021077340836112807
420,1.840840840840841,0.020377420332543264
421,1.8428428428428427,0.0187486620851495
422,1.844844844844845,0.0199967139646802
423,1.8468468468468469,0.01902955035105443
424,1.8488488488488488,0.018286894631304246
425,1.850850850850851,0.018550968037602596
426,1.8528528528528527,0.01918110943311598
427,1.854854854854855,0.018903846539749497
428,1.8568568568568569,0.01973130325553532
429,1.8588588588588588,0.019821296843657462
430,1.860860860860861,0.01972036252520856
431,1.8628628628628627,0.017829931398635028
432,1.864864864864865,0.017799833160134535
433,1.8668668668668669,0.0208712368313826
434,1.8688688688688688,0.019833369319579207
435,1.870870870870871,0.019034270388790468
436,1.8728728728728727,0.020109390813253473
437,1.874874874874875,0.018308181085378964
438,1.8768768768768769,0.019646296656670812
439,1.8788788788788788,0.019938239288109474
440,1.880880880880881,0.020310511371146506
441,1.8828828828828827,0.020133002850187834
442,1.884884884884885,0.018995666443512277
443,1.8868868868868869,0.022424682656975076
444,1.8888888888888888,0.022334252857617847
445,1.890890890890891,0.01863606532733018
446,1.8928928928928928,0.019148619595861432
447,1.894894894894895,0.02167465995931357
448,1.896896896896897,0.01891465237827702
449,1.8988988988988988,0.019103598267240778
450,1.900900900900901,0.02057309607654233
451,1.9029029029029028,0.02090458708206803
452,1.904904904904905,0.019990286782361297
453,1.906906906906907,0.0192008130553902
454,1.9089089089089089,0.019304573413906737
455,1.910910910910911,0.019605462567393185
456,1.9129129129129128,0.019645605948972446
457,1.914914914914915,0.022460751805493215
458,1.916916916916917,0.020253515640479065
459,1.9189189189189189,0.019009891102213506
460,1.920920920920921,0.01922925552399325
461,1.9229229229229228,0.02152131114730331
462,1.924924924924925,0.019352587102495017
463,1.926926926926927,0.01772227951403672
464,1.9289289289289289,0.018399236660126713
465,1.930930930930931,0.01966827830820124
466,1.9329329329329328,0.019413008678376156
467,1.934934934934935,0.01960424203588706
468,1.936936936936937,0.020046013319581474
469,1.9389389389389389,0.019045205559087376
470,1.940940940940941,0.019549709000795387
471,1.9429429429429428,0.02016585365924839
472,1.944944944944945,0.019584684672371025
473,1.946946946946947,0.019059421868026213
474,1.9489489489489489,0.020267947898941107
475,1.950950950950951,0.019964348110160384
476,1.9529529529529528,0.019579678773562936
477,1.954954954954955,0.021338307732589643
478,1.956956956956957,0.02064380196869063
479,1.9589589589589589,0.021643622558887562
480,1.960960960960961,0.02032323652376831
481,1.9629629629629628,0.022872529615166903
482,1.964964964964965,0.020306603253734314
483,1.966966966966967,0.019848114119687805
484,1.968968968968969,0.020423104662969642
485,1.970970970970971,0.019886866802303286
486,1.9729729729729728,0.021741369031431684
487,1.974974974974975,0.020796797462523556
488,1.976976976976977,0.021399041126082558
489,1.978978978978979,0.02060325501164548
490,1.980980980980981,0.021487241538965654
491,1.9829829829829828,0.021858958427447422
492,1.984984984984985,0.020909792966181905
493,1.986986986986987,0.019433510517504558
494,1.988988988988989,0.022327330852499633
495,1.990990990990991,0.02204469326502399
496,1.992992992992993,0.0223985496121767
497,1.994994994994995,0.020495131777529287
498,1.996996996996997,0.020699176979166966
499,1.998998998998999,0.020306991142257456
500,2.001001001001001,0.02212348104116253
501,2.003003003003003,0.02042001237928522
502,2.005005005005005,0.021196385711049922
503,2.007007007007007,0.019572578412870665
504,2.009009009009009,0.019470318018869576
505,2.011011011011011,0.020495497178415183
506,2.013013013013013,0.020337529518937972
507,2.015015015015015,0.022049650390449052
508,2.017017017017017,0.021046928405568707
509,2.019019019019019,0.02208588759361375
510,2.021021021021021,0.021405538184399706
511,2.023023023023023,0.021617401857207137
512,2.025025025025025,0.02176076479792313
513,2.027027027027027,0.020391850968056468
514,2.029029029029029,0.020900567518214872
515,2.031031031031031,0.018708997957200848
516,2.033033033033033,0.02058417406261761
517,2.035035035035035,0.02197835391469857
518,2.037037037037037,0.020470137197145664
519,2.039039039039039,0.019599371603665487
520,2.041041041041041,0.02150195956556139
521,2.043043043043043,0.019627691727126095
522,2.045045045045045,0.02265075193753478
523,2.047047047047047,0.022534877699502288
524,2.049049049049049,0.020253127297842333
525,2.051051051051051,0.021694509623826973
526,2.053053053053053,0.023945757946061432
527,2.055055055055055,0.020204221792959737
528,2.057057057057057,0.020872758238526596
529,2.059059059059059,0.01999391080065168
530,2.061061061061061,0.02210980166620269
531,2.063063063063063,0.02068125150910069
532,2.065065065065065,0.02066081093192649
533,2.067067067067067,0.021598138977304407
534,2.069069069069069,0.021913475527625823
535,2.071071071071071,0.022600490496323816
536,2.073073073073073,0.02192614655506717
537,2.075075075075075,0.02267781135931082
538,2.0770770770770772,0.020458133856466477
539,2.079079079079079,0.02205263967088913
540,2.081081081081081,0.021072122503076388
541,2.083083083083083,0.022624823908284793
542,2.085085085085085,0.021821099580192672
543,2.0870870870870872,0.023045672382558946
544,2.089089089089089,0.022342594568406093
545,2.091091091091091,0.021341657831772654
546,2.093093093093093,0.021586391120944824
547,2.095095095095095,0.023225339890159746
548,2.0970970970970972,0.021208823465334124
549,2.0990990990990994,0.020846263345383198
550,2.101101101101101,0.02068448722888003
551,2.103103103103103,0.021022354348050772
552,2.105105105105105,0.023414828685151795
553,2.1071071071071072,0.020919332084645872
554,2.1091091091091094,0.021282689590768386
555,2.111111111111111,0.02347805453684711
556,2.113113113113113,0.020358362723693412
557,2.115115115115115,0.021907994479388068
558,2.1171171171171173,0.021452771995560685
559,2.1191191191191194,0.021868216759463485
560,2.121121121121121,0.02379162893442877
561,2.123123123123123,0.019801118616293256
562,2.125125125125125,0.02179679658863161
563,2.1271271271271273,0.020942870200594915
564,2.1291291291291294,0.02267079826127515
565,2.131131131131131,0.02213065988193208
566,2.133133133133133,0.021475581964640205
567,2.135135135135135,0.021631490492143374
568,2.1371371371371373,0.024741220708127
569,2.1391391391391394,0.023684589231835345
570,2.141141141141141,0.0227975345242046
571,2.143143143143143,0.020392243448499936
572,2.145145145145145,0.02313889646044975
573,2.1471471471471473,0.022227198548603166
574,2.1491491491491495,0.021863400221190394
575,2.151151151151151,0.023352099887804265
576,2.153153153153153,0.022386382349890228
577,2.155155155155155,0.022995058986750527
578,2.1571571571571573,0.02269038529499444
579,2.1591591591591595,0.024329099800564566
580,2.161161161161161,0.021160220556188436
581,2.163163163163163,0.021779483822305577
582,2.165165165165165,0.022285016234194627
583,2.1671671671671673,0.022986723718239052
584,2.1691691691691695,0.020715397212281536
585,2.171171171171171,0.02325818805478699
586,2.173173173173173,0.022788268111935336
587,2.175175175175175,0.020806753736657
588,2.1771771771771773,0.02148618710366772
589,2.1791791791791795,0.021027962477575057
590,2.181181181181181,0.022048286083266668
591,2.183183183183183,0.02335237986595334
592,2.185185185185185,0.022833307006685996
593,2.1871871871871873,0.022086388861530273
594,2.1891891891891895,0.02431825924104533
595,2.191191191191191,0.023269948251813916
596,2.193193193193193,0.024611017354036476
597,2.195195195195195,0.02360134796345537
598,2.1971971971971973,0.021145982459988017
599,2.1991991991991995,0.022974826600676942
600,2.201201201201201,0.022139423975014085
601,2.203203203203203,0.0234926532077068
602,2.205205205205205,0.02274170518978919
603,2.2072072072072073,0.021785464115016768
604,2.2092092092092095,0.02252549699904716
605,2.2112112112112112,0.022797743979719804
606,2.213213213213213,0.02371641202399061
607,2.215215215215215,0.02294017032572913
608,2.2172172172172173,0.02228452427373318
609,2.2192192192192195,0.023008808259436023
610,2.2212212212212212,0.026128956986997205
611,2.223223223223223,0.02513446202659098
612,2.225225225225225,0.02307109442084664
613,2.2272272272272273,0.023925741691823325
614,2.2292292292292295,0.0219179148659371
615,2.2312312312312312,0.02424699285048749
616,2.233233233233233,0.02292370138207332
617,2.235235235235235,0.02298116839073633
618,2.2372372372372373,0.022086889929505523
619,2.2392392392392395,0.02184531810494257
620,2.2412412412412412,0.02272093336695506
621,2.243243243243243,0.02323313654906144
622,2.245245245245245,0.023911419718571733
623,2.2472472472472473,0.021034086862273607
624,2.2492492492492495,0.022492731880273554
625,2.2512512512512513,0.02273410723669256
626,2.253253253253253,0.024194103946145375
627,2.255255255255255,0.023305401531674524
628,2.2572572572572573,0.02407982487409352
629,2.2592592592592595,0.023058778786905505
630,2.2612612612612613,0.025303407204092965
631,2.263263263263263,0.022924338931110635
632,2.265265265265265,0.023521151153690262
633,2.2672672672672673,0.023640523573748407
634,2.2692692692692695,0.023291373210306988
635,2.2712712712712713,0.023787173066801993
636,2.273273273273273,0.024497982451951717
637,2.275275275275275,0.023433459327805873
638,2.2772772772772774,0.024154007780660226
639,2.2792792792792795,0.02266842037750982
640,2.2812812812812813,0.023224947081999736
641,2.283283283283283,0.02418229190160186
642,2.285285285285285,0.022565548539127272
643,2.2872872872872874,0.023030765889796485
644,2.2892892892892895,0.023157245946503164
645,2.2912912912912913,0.024142449696254977
646,2.293293293293293,0.02348327885157037
647,2.295295295295295,0.022185628036186126
648,2.2972972972972974,0.022890205924511475
649,2.2992992992992995,0.023253215782842566
650,2.3013013013013013,0.023629793137086703
651,2.303303303303303,0.023173954124613313
652,2.305305305305305,0.024617593594647755
653,2.3073073073073074,0.02401006724410798
654,2.3093093093093096,0.024040044512340597
655,2.3113113113113113,0.02528107341572991
656,2.313313313313313,0.024834057062962784
657,2.315315315315315,0.023832632659300645
658,2.3173173173173174,0.022753441235679437
659,2.3193193193193196,0.024024204584266212
660,2.3213213213213213,0.024188850334203846
661,2.323323323323323,0.02603200802697669
662,2.325325325325325,0.024463137498936763
663,2.3273273273273274,0.02456359205688352
664,2.3293293293293296,0.02496111084601756
665,2.3313313313313313,0.02472644936793092
666,2.333333333333333,0.0253851444610543
667,2.335335335335335,0.023256095194130657
668,2.3373373373373374,0.023209868310166637
669,2.3393393393393396,0.026937760374973595
670,2.3413413413413413,0.02399515740848587
671,2.343343343343343,0.024417281412164846
672,2.3453453453453452,0.024097910931449553
673,2.3473473473473474,0.024638172934019164
674,2.3493493493493496,0.025918428905399943
675,2.3513513513513513,0.02568743759062221
676,2.353353353353353,0.024402173045482062
677,2.3553553553553552,0.023863640785184187
678,2.3573573573573574,0.025809059269372076
679,2.3593593593593596,0.0230053072426098
680,2.3613613613613613,0.02394445838113002
681,2.363363363363363,0.023131102828117537
682,2.3653653653653652,0.022599305591731834
683,2.3673673673673674,0.026575983946844673
684,2.3693693693693696,0.024305071663831338
685,2.3713713713713713,0.025620176764848384
686,2.373373373373373,0.025560875193368377
687,2.3753753753753752,0.025533633867053835
688,2.3773773773773774,0.026112090065086507
689,2.3793793793793796,0.02234158304922305
690,2.3813813813813813,0.024372539319878202
691,2.383383383383383,0.025627960899981383
692,2.3853853853853852,0.023989770686216983
693,2.3873873873873874,0.025656798590713233
694,2.3893893893893896,0.02387362273725527
695,2.3913913913913913,0.02773000091893352
696,2.393393393393393,0.024464993602033445
697,2.3953953953953953,0.024490027876845982
698,2.3973973973973974,0.024998855528477398
699,2.3993993993993996,0.025192473159556788
700,2.4014014014014013,0.025167779730327525
701,2.403403403403403,0.02401182862003605
702,2.4054054054054053,0.023846248481597637
703,2.4074074074074074,0.02679656252405281
704,2.4094094094094096,0.027097015422537184
705,2.4114114114114114,0.023945694852761115
706,2.413413413413413,0.02423539971011268
707,2.4154154154154153,0.024545471767200025
708,2.4174174174174174,0.023839906526549184
709,2.4194194194194196,0.027249572351974727
710,2.4214214214214214,0.02666433440902072
711,2.423423423423423,0.02493130260042696
712,2.4254254254254253,0.025078390908414152
713,2.4274274274274275,0.027251264292737085
714,2.4294294294294296,0.026182725088395364
715,2.4314314314314314,0.025105464570754896
716,2.433433433433433,0.025741545227897396
717,2.4354354354354353,0.026118975744121184
718,2.4374374374374375,0.023265002484585875
719,2.4394394394394396,0.025457241063075994
720,2.4414414414414414,0.024708347297602167
721,2.443443443443443,0.02709669369244813
722,2.4454454454454453,0.026483284832334975
723,2.4474474474474475,0.02487257823887905
724,2.4494494494494496,0.02636878825376848
725,2.4514514514514514,0.02677385554194339
726,2.453453453453453,0.02579349935869221
727,2.4554554554554553,0.023266506547250054
728,2.4574574574574575,0.02728774684439633
729,2.4594594594594597,0.026454260955361433
730,2.4614614614614614,0.024418544164606978
731,2.463463463463463,0.02477607271746617
732,2.4654654654654653,0.026394932923079793
733,2.4674674674674675,0.02353878908330496
734,2.4694694694694697,0.02551470073729344
735,2.4714714714714714,0.026444081446760304
736,2.4734734734734736,0.026849406646771327
737,2.4754754754754753,0.025108330891320158
738,2.4774774774774775,0.02491352397862166
739,2.4794794794794797,0.027241130128657223
740,2.4814814814814814,0.02488702288251697
741,2.4834834834834836,0.02470967542112106
742,2.4854854854854853,0.02591908984297155
743,2.4874874874874875,0.025733644029457648
744,2.4894894894894897,0.025463662309490865
745,2.4914914914914914,0.0243863732892958
746,2.4934934934934936,0.025953680303659816
747,2.4954954954954953,0.02580434074943523
748,2.4974974974974975,0.026420692367715704
749,2.4994994994994997,0.026676089011793146
750,2.5015015015015014,0.025900397848001067
751,2.5035035035035036,0.026972906605539134
752,2.5055055055055053,0.027076907540172807
753,2.5075075075075075,0.02587290059460426
754,2.5095095095095097,0.024796635158499558
755,2.5115115115115114,0.02582215911214497
756,2.5135135135135136,0.024692280901491212
757,2.5155155155155153,0.02755333337494072
758,2.5175175175175175,0.025702267938548976
759,2.5195195195195197,0.024772561369888552
760,2.5215215215215214,0.027947528415059434
761,2.5235235235235236,0.02658683502520337
762,2.5255255255255253,0.027444067728851704
763,2.5275275275275275,0.02563171787955845
764,2.5295295295295297,0.026289985106504894
765,2.5315315315315314,0.026638832804754417
766,2.5335335335335336,0.02621499332360565
767,2.5355355355355353,0.02810559221530648
768,2.5375375375375375,0.026561418398414503
769,2.5395395395395397,0.027186770885657033
770,2.5415415415415414,0.027087564421168924
771,2.5435435435435436,0.025706355245305467
772,2.5455455455455454,0.0258286108272238
773,2.5475475475475475,0.02680747074334361
774,2.5495495495495497,0.02689139116675655
775,2.5515515515515514,0.025786825790304422
776,2.5535535535535536,0.025606387382207052
777,2.5555555555555554,0.025623377512458533
778,2.5575575575575575,0.02612451374347952
779,2.5595595595595597,0.02561823307275424
780,2.5615615615615615,0.028295103576232356
781,2.5635635635635636,0.02600639991683792
782,2.5655655655655654,0.025131542207963976
783,2.5675675675675675,0.02619539583917245
784,2.5695695695695697,0.0248399749854411
785,2.5715715715715715,0.026516732178433686
786,2.5735735735735736,0.026047732491627132
787,2.5755755755755754,0.02680615664877957
788,2.5775775775775776,0.026519269348778962
789,2.5795795795795797,0.02666325231653227
790,2.5815815815815815,0.026939319546549174
791,2.5835835835835836,0.02633359599637795
792,2.5855855855855854,0.02782343025881856
793,2.5875875875875876,0.027496455147009536
794,2.5895895895895897,0.027279598850203885
795,2.5915915915915915,0.027040993214934122
796,2.5935935935935936,0.02467090250365256
797,2.5955955955955954,0.02747165736313888
798,2.5975975975975976,0.028303989020268937
799,2.5995995995995997,0.027975005908432896
800,2.6016016016016015,0.025453195633034748
801,2.6036036036036037,0.026850240923140787
802,2.6056056056056054,0.027632181503137315
803,2.6076076076076076,0.027837478540340157
804,2.6096096096096097,0.02771203458998132
805,2.611611611611612,0.02778550988496389
806,2.6136136136136137,0.029099027263611826
807,2.6156156156156154,0.02836447620587011
808,2.6176176176176176,0.028117267680368253
809,2.6196196196196198,0.025935735483811825
810,2.621621621621622,0.027610427892989554
811,2.6236236236236237,0.028157890765196744
812,2.6256256256256254,0.02760628165974184
813,2.6276276276276276,0.027037714649214256
814,2.6296296296296298,0.027464895669212546
815,2.631631631631632,0.028051442032849618
816,2.6336336336336337,0.02705093118803144
817,2.6356356356356354,0.026782641778783266
818,2.6376376376376376,0.02746607746917118
819,2.6396396396396398,0.027699854489630193
820,2.641641641641642,0.02842717786253328
821,2.6436436436436437,0.027375245742237753
822,2.6456456456456454,0.028071672800859027
823,2.6476476476476476,0.02846549447487701
824,2.6496496496496498,0.02722426501578561
825,2.651651651651652,0.027263139795127334
826,2.6536536536536537,0.0270501950952438
827,2.6556556556556554,0.027225027386632895
828,2.6576576576576576,0.027411444637067888
829,2.65965965965966,0.028605121500511716
830,2.661661661661662,0.027480502714823694
831,2.6636636636636637,0.026915603718150275
832,2.6656656656656654,0.026076901161003935
833,2.6676676676676676,0.027553114737712655
834,2.66966966966967,0.02767895591729773
835,2.671671671671672,0.028594222190263568
836,2.6736736736736737,0.026928307694276756
837,2.6756756756756754,0.02762699424464343
838,2.6776776776776776,0.0290680033976127
839,2.67967967967968,0.027799911923879
840,2.681681681681682,0.0282459242214113
841,2.6836836836836837,0.026564355765740746
842,2.6856856856856854,0.028092082614485994
843,2.6876876876876876,0.027922886901060203
844,2.68968968968969,0.027617404893038572
845,2.691691691691692,0.027258177601194315
846,2.6936936936936937,0.02682283396546156
847,2.6956956956956954,0.027467726494582696
848,2.6976976976976976,0.028620946530105825
849,2.6996996996997,0.027855025790623888
850,2.701701701701702,0.027767811160152114
851,2.7037037037037037,0.027991746778345403
852,2.7057057057057055,0.028187645613358115
853,2.7077077077077076,0.027911943907678097
854,2.70970970970971,0.028632762490032233
855,2.711711711711712,0.029507009425977292
856,2.7137137137137137,0.02825032847161045
857,2.7157157157157155,0.029326117708586955
858,2.7177177177177176,0.028418522981788947
859,2.71971971971972,0.028354582142344997
860,2.721721721721722,0.029504506275492105
861,2.7237237237237237,0.02734360845252572
862,2.7257257257257255,0.026789017622984898
863,2.7277277277277276,0.027818899772396214
864,2.72972972972973,0.02898049716042624
865,2.731731731731732,0.02744473822322727
866,2.7337337337337337,0.028447659460281407
867,2.7357357357357355,0.028721867217260277
868,2.7377377377377377,0.028839616514504146
869,2.73973973973974,0.027937141710650263
870,2.741741741741742,0.027139057797354708
871,2.7437437437437437,0.02859436240766791
872,2.7457457457457455,0.02764795795994895
873,2.7477477477477477,0.027959070849437728
874,2.74974974974975,0.02922754413768874
875,2.751751751751752,0.02670229245654224
876,2.7537537537537538,0.028105596059565082
877,2.7557557557557555,0.027800601149204962
878,2.7577577577577577,0.028431191054513163
879,2.75975975975976,0.0283444188484395
880,2.761761761761762,0.03021844492257496
881,2.7637637637637638,0.028737735644923684
882,2.7657657657657655,0.0289046058021247
883,2.7677677677677677,0.029950140461031356
884,2.76976976976977,0.02959767970636401
885,2.771771771771772,0.030869590948468667
886,2.7737737737737738,0.030515761917525804
887,2.7757757757757755,0.028786997540979128
888,2.7777777777777777,0.03039483013957581
889,2.77977977977978,0.029947235633575472
890,2.781781781781782,0.028614040128666262
891,2.7837837837837838,0.03016358542889662
892,2.7857857857857855,0.028782883813606358
893,2.7877877877877877,0.0280977451225904
894,2.78978978978979,0.030528566805637314
895,2.791791791791792,0.026893454610449657
896,2.793793793793794,0.027863513347319752
897,2.7957957957957955,0.03058131081079629
898,2.7977977977977977,0.029256310021575364
899,2.7997997997998,0.029145482836767978
900,2.801801801801802,0.02869173007753846
901,2.803803803803804,0.030213377234292415
902,2.8058058058058055,0.029317725341306954
903,2.8078078078078077,0.02861308096912636
904,2.80980980980981,0.02899725890222665
905,2.811811811811812,0.02858636957696209
906,2.813813813813814,0.030364476051246533
907,2.8158158158158155,0.029110953401139547
908,2.8178178178178177,0.0296060219986124
909,2.81981981981982,0.028043152158922075
910,2.821821821821822,0.029712124415959284
911,2.823823823823824,0.029391948243799735
912,2.8258258258258255,0.030188368077628664
913,2.8278278278278277,0.030115160696607437
914,2.82982982982983,0.02921392791931521
915,2.831831831831832,0.028462416722707547
916,2.833833833833834,0.02918047283017744
917,2.8358358358358355,0.030994000446735687
918,2.8378378378378377,0.028941952282845657
919,2.83983983983984,0.031648690018389714
920,2.841841841841842,0.03144768220580485
921,2.843843843843844,0.029858103467260918
922,2.8458458458458455,0.02912829879022395
923,2.8478478478478477,0.02854607462079323
924,2.84984984984985,0.02883050479362426
925,2.851851851851852,0.030686788882335794
926,2.853853853853854,0.030628756131905733
927,2.8558558558558556,0.029981569069301217
928,2.8578578578578577,0.030161630764188294
929,2.85985985985986,0.028260790450365017
930,2.861861861861862,0.03270155077150708
931,2.863863863863864,0.029655115678779934
932,2.8658658658658656,0.02835014256389091
933,2.8678678678678677,0.029990483409702052
934,2.86986986986987,0.02993458121082405
935,2.871871871871872,0.028761522079299103
936,2.873873873873874,0.03018547994966791
937,2.8758758758758756,0.0288355863451219
938,2.8778778778778777,0.03152194660644363
939,2.87987987987988,0.030241985211385058
940,2.881881881881882,0.031045251247286562
941,2.883883883883884,0.029816104322494708
942,2.8858858858858856,0.02875925512245973
943,2.8878878878878878,0.03066475975524346
944,2.88988988988989,0.029307480646609887
945,2.891891891891892,0.028847070282018206
946,2.893893893893894,0.03019707659872327
947,2.8958958958958956,0.030644627234744978
948,2.8978978978978978,0.030384832133260053
949,2.8998998998999,0.031475584739555335
950,2.901901901901902,0.030798107652811362
951,2.903903903903904,0.030284908412809067
952,2.9059059059059056,0.02927844036727871
953,2.9079079079079078,0.03039707390091184
954,2.90990990990991,0.029828080071183847
955,2.911911911911912,0.03199344426742075
956,2.913913913913914,0.030064193622578103
957,2.9159159159159156,0.031440654318864954
958,2.9179179179179178,0.029139450657761582
959,2.91991991991992,0.03105140995537913
960,2.921921921921922,0.0296251232349472
961,2.923923923923924,0.030600119482570062
962,2.9259259259259256,0.02992027214408789
963,2.9279279279279278,0.03158266084211813
964,2.92992992992993,0.03148463181455419
965,2.931931931931932,0.030488911684860207
966,2.933933933933934,0.029067821641499954
967,2.9359359359359356,0.030317538350251725
968,2.937937937937938,0.02994124836697075
969,2.93993993993994,0.029818140741187948
970,2.941941941941942,0.02926897792313038
971,2.943943943943944,0.03008211570259804
972,2.9459459459459456,0.028912102716248292
973,2.947947947947948,0.0325877460627433
974,2.94994994994995,0.030053377968506892
975,2.951951951951952,0.02976004247409565
976,2.953953953953954,0.031176829479173874
977,2.9559559559559556,0.03152925477196552
978,2.957957957957958,0.03128861527452905
979,2.95995995995996,0.030275367906286366
980,2.961961961961962,0.03139334742284274
981,2.963963963963964,0.03128678390648149
982,2.9659659659659656,0.03130731926904894
983,2.967967967967968,0.030869089212465863
984,2.96996996996997,0.031364329300181314
985,2.971971971971972,0.03139309924829077
986,2.973973973973974,0.032743431125094924
987,2.9759759759759756,0.030544947587137872
988,2.977977977977978,0.03244711612648787
989,2.97997997997998,0.03026784063464225
990,2.981981981981982,0.03129753374491323
991,2.983983983983984,0.031248695290844883
992,2.985985985985986,0.030933462804009184
993,2.987987987987988,0.030757214864395272
994,2.98998998998999,0.03222606087328596
995,2.991991991991992,0.030630814266491863
996,2.993993993993994,0.03103414511793134
997,2.995995995995996,0.029311688069902614
998,2.997997997997998,0.031028451670441052
999,3.0,0.03080698916794457
